[
    {
      "key": "sadf23",
      "name": "John Brown",
      "age": 32,
      "gender": "Male"
    },
    {
      "key": "asdf32",
      "name": "Carlos Johnson",
      "age":37,
      "gender": "Male"
    },
    {
      "key": "2asdf4",
      "name": "Karany Seth",
      "age": 23,
      "gender": "Female"
    },
    {
      "key": "df2e3asd",
      "name": "Tom Jerry",
      "age": 22,
      "gender": "Male"
    },
    {
      "key": "1tfrtg",
      "name": "Hanah Emanuel",
      "age": 32,
      "gender": "Female"
    },
    {
      "key": "1adsf2",
      "name": "Vladmir Kelenvo",
      "age": 21,
      "gender": "Male"
    },
    {
      "key": "asdf33f1",
      "name": "Cathrina Carlos",
      "age": 68,
      "gender": "Female"
    },
    {
      "key": "da3wefv",
      "name": "Bob Eric",
      "age": 74,
      "gender": "Male"
    }
  ]