[
    {
      "id": "sadf23",
      "date": "01 Jun 2023 00:00:00 GMT",
      "amount": 120
    },
    {
      "id": "asdf32",
      "date": "01 Jun 2023 00:00:00 GMT",
      "amount": 37
    },
    {
      "id": "2asdf4",
      "date": "01 Jun 2023 00:00:00 GMT",
      "amount": 23
    },
    {
      "id": "df2e3asd",
      "date": "01 May 2023 00:00:00 GMT",
      "amount": 22
    },
    {
      "id": "1tfrtg",
      "date": "01 May 2023 00:00:00 GMT",
      "amount": 32
    },
    {
      "id": "1adsf2",
      "date": "01 May 2023 00:00:00 GMT",
      "amount": 21
    },
    {
      "id": "asdf33f1",
      "date": "01 Apr 2023 00:00:00 GMT",
      "amount": 68
    },
    {
      "id": "da3wefv",
      "date": "01 Apr 2023 00:00:00 GMT",
      "amount": 74
    },
    {
      "id": "da3wefv",
      "date": "01 Apr 2023 00:00:00 GMT",
      "amount": 174
    }
  ]